date,location,value
2020-02-01,01,0
2020-02-01,02,0
2020-02-01,04,1
2020-02-01,05,0
2020-02-01,06,3
2020-02-01,08,0
2020-02-01,09,0
2020-02-01,10,0
2020-02-01,11,0
2020-02-01,12,0
2020-02-01,13,0
2020-02-01,15,0
2020-02-01,16,0
2020-02-01,17,1
2020-02-01,18,0
2020-02-01,19,0
2020-02-01,20,0
2020-02-01,21,0
2020-02-01,22,0
2020-02-01,23,0
2020-02-01,24,0
2020-02-01,25,1
2020-02-01,26,0
2020-02-01,27,0
2020-02-01,28,0
2020-02-01,29,0
2020-02-01,30,0
2020-02-01,31,0
2020-02-01,32,0
2020-02-01,33,0
2020-02-01,34,0
2020-02-01,35,0
2020-02-01,36,0
2020-02-01,37,0
2020-02-01,38,0
2020-02-01,39,0
2020-02-01,40,0
2020-02-01,41,0
2020-02-01,42,0
2020-02-01,44,0
2020-02-01,45,0
2020-02-01,46,0
2020-02-01,47,0
2020-02-01,48,0
2020-02-01,49,0
2020-02-01,50,0
2020-02-01,51,0
2020-02-01,53,0
2020-02-01,54,0
2020-02-01,55,0
2020-02-01,56,0
2020-02-01,60,0
2020-02-01,66,0
2020-02-01,69,0
2020-02-01,72,0
2020-02-01,78,0
2020-02-01,US,6
2020-02-08,01,0
2020-02-08,02,0
2020-02-08,04,0
2020-02-08,05,0
2020-02-08,06,3
2020-02-08,08,0
2020-02-08,09,0
2020-02-08,10,0
2020-02-08,11,0
2020-02-08,12,0
2020-02-08,13,0
2020-02-08,15,0
2020-02-08,16,0
2020-02-08,17,0
2020-02-08,18,0
2020-02-08,19,0
2020-02-08,20,0
2020-02-08,21,0
2020-02-08,22,0
2020-02-08,23,0
2020-02-08,24,0
2020-02-08,25,1
2020-02-08,26,0
2020-02-08,27,0
2020-02-08,28,0
2020-02-08,29,0
2020-02-08,30,0
2020-02-08,31,0
2020-02-08,32,0
2020-02-08,33,0
2020-02-08,34,0
2020-02-08,35,0
2020-02-08,36,0
2020-02-08,37,0
2020-02-08,38,0
2020-02-08,39,0
2020-02-08,40,0
2020-02-08,41,0
2020-02-08,42,0
2020-02-08,44,0
2020-02-08,45,0
2020-02-08,46,0
2020-02-08,47,0
2020-02-08,48,0
2020-02-08,49,0
2020-02-08,50,0
2020-02-08,51,0
2020-02-08,53,0
2020-02-08,54,0
2020-02-08,55,0
2020-02-08,56,0
2020-02-08,60,0
2020-02-08,66,0
2020-02-08,69,0
2020-02-08,72,0
2020-02-08,78,0
2020-02-08,US,4
2020-02-15,01,0
2020-02-15,02,0
2020-02-15,04,0
2020-02-15,05,0
2020-02-15,06,2
2020-02-15,08,0
2020-02-15,09,0
2020-02-15,10,0
2020-02-15,11,0
2020-02-15,12,0
2020-02-15,13,0
2020-02-15,15,0
2020-02-15,16,0
2020-02-15,17,0
2020-02-15,18,0
2020-02-15,19,0
2020-02-15,20,0
2020-02-15,21,0
2020-02-15,22,0
2020-02-15,23,0
2020-02-15,24,0
2020-02-15,25,0
2020-02-15,26,0
2020-02-15,27,0
2020-02-15,28,0
2020-02-15,29,0
2020-02-15,30,0
2020-02-15,31,0
2020-02-15,32,0
2020-02-15,33,0
2020-02-15,34,0
2020-02-15,35,0
2020-02-15,36,0
2020-02-15,37,0
2020-02-15,38,0
2020-02-15,39,0
2020-02-15,40,0
2020-02-15,41,0
2020-02-15,42,0
2020-02-15,44,0
2020-02-15,45,0
2020-02-15,46,0
2020-02-15,47,0
2020-02-15,48,0
2020-02-15,49,0
2020-02-15,50,0
2020-02-15,51,0
2020-02-15,53,0
2020-02-15,54,0
2020-02-15,55,0
2020-02-15,56,0
2020-02-15,60,0
2020-02-15,66,0
2020-02-15,69,0
2020-02-15,72,0
2020-02-15,78,0
2020-02-15,US,2
2020-02-22,01,0
2020-02-22,02,0
2020-02-22,04,0
2020-02-22,05,0
2020-02-22,06,2
2020-02-22,08,0
2020-02-22,09,0
2020-02-22,10,0
2020-02-22,11,0
2020-02-22,12,0
2020-02-22,13,0
2020-02-22,15,0
2020-02-22,16,0
2020-02-22,17,0
2020-02-22,18,0
2020-02-22,19,0
2020-02-22,20,0
2020-02-22,21,0
2020-02-22,22,0
2020-02-22,23,0
2020-02-22,24,0
2020-02-22,25,0
2020-02-22,26,0
2020-02-22,27,0
2020-02-22,28,0
2020-02-22,29,0
2020-02-22,30,0
2020-02-22,31,0
2020-02-22,32,0
2020-02-22,33,0
2020-02-22,34,0
2020-02-22,35,0
2020-02-22,36,0
2020-02-22,37,0
2020-02-22,38,0
2020-02-22,39,0
2020-02-22,40,0
2020-02-22,41,0
2020-02-22,42,0
2020-02-22,44,0
2020-02-22,45,0
2020-02-22,46,0
2020-02-22,47,0
2020-02-22,48,0
2020-02-22,49,0
2020-02-22,50,0
2020-02-22,51,0
2020-02-22,53,0
2020-02-22,54,0
2020-02-22,55,0
2020-02-22,56,0
2020-02-22,60,0
2020-02-22,66,0
2020-02-22,69,0
2020-02-22,72,0
2020-02-22,78,0
2020-02-22,US,2
2020-02-29,01,0
2020-02-29,02,0
2020-02-29,04,0
2020-02-29,05,0
2020-02-29,06,2
2020-02-29,08,0
2020-02-29,09,0
2020-02-29,10,0
2020-02-29,11,0
2020-02-29,12,0
2020-02-29,13,0
2020-02-29,15,0
2020-02-29,16,0
2020-02-29,17,0
2020-02-29,18,0
2020-02-29,19,0
2020-02-29,20,0
2020-02-29,21,0
2020-02-29,22,0
2020-02-29,23,0
2020-02-29,24,0
2020-02-29,25,0
2020-02-29,26,0
2020-02-29,27,0
2020-02-29,28,0
2020-02-29,29,0
2020-02-29,30,0
2020-02-29,31,0
2020-02-29,32,0
2020-02-29,33,0
2020-02-29,34,0
2020-02-29,35,0
2020-02-29,36,0
2020-02-29,37,0
2020-02-29,38,0
2020-02-29,39,0
2020-02-29,40,0
2020-02-29,41,1
2020-02-29,42,0
2020-02-29,44,0
2020-02-29,45,0
2020-02-29,46,0
2020-02-29,47,0
2020-02-29,48,0
2020-02-29,49,0
2020-02-29,50,0
2020-02-29,51,0
2020-02-29,53,6
2020-02-29,54,0
2020-02-29,55,0
2020-02-29,56,0
2020-02-29,60,0
2020-02-29,66,0
2020-02-29,69,0
2020-02-29,72,0
2020-02-29,78,0
2020-02-29,US,9
2020-03-07,01,0
2020-03-07,02,0
2020-03-07,04,3
2020-03-07,05,0
2020-03-07,06,69
2020-03-07,08,8
2020-03-07,09,0
2020-03-07,10,0
2020-03-07,11,0
2020-03-07,12,7
2020-03-07,13,5
2020-03-07,15,1
2020-03-07,16,0
2020-03-07,17,4
2020-03-07,18,1
2020-03-07,19,0
2020-03-07,20,0
2020-03-07,21,1
2020-03-07,22,0
2020-03-07,23,0
2020-03-07,24,3
2020-03-07,25,70
2020-03-07,26,0
2020-03-07,27,1
2020-03-07,28,0
2020-03-07,29,0
2020-03-07,30,0
2020-03-07,31,1
2020-03-07,32,2
2020-03-07,33,2
2020-03-07,34,4
2020-03-07,35,0
2020-03-07,36,76
2020-03-07,37,2
2020-03-07,38,0
2020-03-07,39,0
2020-03-07,40,1
2020-03-07,41,5
2020-03-07,42,2
2020-03-07,44,3
2020-03-07,45,2
2020-03-07,46,0
2020-03-07,47,1
2020-03-07,48,8
2020-03-07,49,1
2020-03-07,50,0
2020-03-07,51,0
2020-03-07,53,95
2020-03-07,54,0
2020-03-07,55,0
2020-03-07,56,0
2020-03-07,60,0
2020-03-07,66,0
2020-03-07,69,0
2020-03-07,72,0
2020-03-07,78,0
2020-03-07,US,378
2020-03-14,01,15
2020-03-14,02,1
2020-03-14,04,8
2020-03-14,05,12
2020-03-14,06,291
2020-03-14,08,95
2020-03-14,09,23
2020-03-14,10,6
2020-03-14,11,0
2020-03-14,12,69
2020-03-14,13,68
2020-03-14,15,3
2020-03-14,16,2
2020-03-14,17,58
2020-03-14,18,15
2020-03-14,19,17
2020-03-14,20,8
2020-03-14,21,15
2020-03-14,22,77
2020-03-14,23,3
2020-03-14,24,24
2020-03-14,25,223
2020-03-14,26,36
2020-03-14,27,20
2020-03-14,28,6
2020-03-14,29,4
2020-03-14,30,5
2020-03-14,31,17
2020-03-14,32,18
2020-03-14,33,5
2020-03-14,34,65
2020-03-14,35,13
2020-03-14,36,481
2020-03-14,37,30
2020-03-14,38,1
2020-03-14,39,26
2020-03-14,40,3
2020-03-14,41,30
2020-03-14,42,45
2020-03-14,44,17
2020-03-14,45,17
2020-03-14,46,8
2020-03-14,47,31
2020-03-14,48,52
2020-03-14,49,9
2020-03-14,50,5
2020-03-14,51,37
2020-03-14,53,540
2020-03-14,54,0
2020-03-14,55,27
2020-03-14,56,2
2020-03-14,60,0
2020-03-14,66,0
2020-03-14,69,0
2020-03-14,72,0
2020-03-14,78,0
2020-03-14,US,2583
2020-03-21,01,134
2020-03-21,02,15
2020-03-21,04,92
2020-03-21,05,110
2020-03-21,06,1040
2020-03-21,08,372
2020-03-21,09,171
2020-03-21,10,39
2020-03-21,11,98
2020-03-21,12,687
2020-03-21,13,482
2020-03-21,15,32
2020-03-21,16,40
2020-03-21,17,689
2020-03-21,18,112
2020-03-21,19,52
2020-03-21,20,49
2020-03-21,21,71
2020-03-21,22,686
2020-03-21,23,67
2020-03-21,24,166
2020-03-21,25,1711
2020-03-21,26,589
2020-03-21,27,113
2020-03-21,28,134
2020-03-21,29,85
2020-03-21,30,22
2020-03-21,31,20
2020-03-21,32,141
2020-03-21,33,54
2020-03-21,34,1258
2020-03-21,35,42
2020-03-21,36,9853
2020-03-21,37,255
2020-03-21,38,27
2020-03-21,39,221
2020-03-21,40,49
2020-03-21,41,101
2020-03-21,42,352
2020-03-21,44,46
2020-03-21,45,155
2020-03-21,46,6
2020-03-21,47,272
2020-03-21,48,522
2020-03-21,49,108
2020-03-21,50,44
2020-03-21,51,120
2020-03-21,53,1151
2020-03-21,54,12
2020-03-21,55,255
2020-03-21,56,21
2020-03-21,60,0
2020-03-21,66,15
2020-03-21,69,0
2020-03-21,72,21
2020-03-21,78,6
2020-03-21,US,23057
2020-03-28,01,652
2020-03-28,02,76
2020-03-28,04,669
2020-03-28,05,287
2020-03-28,06,3698
2020-03-28,08,1586
2020-03-28,09,1330
2020-03-28,10,169
2020-03-28,11,206
2020-03-28,12,3000
2020-03-28,13,1811
2020-03-28,15,113
2020-03-28,16,192
2020-03-28,17,2738
2020-03-28,18,1105
2020-03-28,19,229
2020-03-28,20,209
2020-03-28,21,293
2020-03-28,22,2552
2020-03-28,23,141
2020-03-28,24,802
2020-03-28,25,4893
2020-03-28,26,4265
2020-03-28,27,307
2020-03-28,28,523
2020-03-28,29,775
2020-03-28,30,102
2020-03-28,31,58
2020-03-28,32,465
2020-03-28,33,126
2020-03-28,34,9797
2020-03-28,35,153
2020-03-28,36,41990
2020-03-28,37,818
2020-03-28,38,66
2020-03-28,39,1159
2020-03-28,40,324
2020-03-28,41,342
2020-03-28,42,2446
2020-03-28,44,173
2020-03-28,45,486
2020-03-28,46,54
2020-03-28,47,1207
2020-03-28,48,1873
2020-03-28,49,484
2020-03-28,50,162
2020-03-28,51,583
2020-03-28,53,2237
2020-03-28,54,84
2020-03-28,55,773
2020-03-28,56,59
2020-03-28,60,0
2020-03-28,66,40
2020-03-28,69,0
2020-03-28,72,79
2020-03-28,78,16
2020-03-28,US,98857
2020-04-04,01,926
2020-04-04,02,80
2020-04-04,04,1246
2020-04-04,05,334
2020-04-04,06,7727
2020-04-04,08,2504
2020-04-04,09,3752
2020-04-04,10,379
2020-04-04,11,598
2020-04-04,12,7774
2020-04-04,13,3794
2020-04-04,15,202
2020-04-04,16,788
2020-04-04,17,6866
2020-04-04,18,2720
2020-04-04,19,489
2020-04-04,20,432
2020-04-04,21,537
2020-04-04,22,9181
2020-04-04,23,245
2020-04-04,24,2130
2020-04-04,25,8292
2020-04-04,26,9845
2020-04-04,27,424
2020-04-04,28,792
2020-04-04,29,1608
2020-04-04,30,136
2020-04-04,31,225
2020-04-04,32,1116
2020-04-04,33,353
2020-04-04,34,23000
2020-04-04,35,298
2020-04-04,36,61433
2020-04-04,37,1530
2020-04-04,38,92
2020-04-04,39,2333
2020-04-04,40,784
2020-04-04,41,420
2020-04-04,42,7599
2020-04-04,44,567
2020-04-04,45,1257
2020-04-04,46,144
2020-04-04,47,1811
2020-04-04,48,4127
2020-04-04,49,826
2020-04-04,50,250
2020-04-04,51,1667
2020-04-04,53,3217
2020-04-04,54,186
2020-04-04,55,975
2020-04-04,56,105
2020-04-04,60,0
2020-04-04,66,38
2020-04-04,69,8
2020-04-04,72,352
2020-04-04,78,18
2020-04-04,US,188532
2020-04-11,01,1619
2020-04-11,02,89
2020-04-11,04,1374
2020-04-11,05,485
2020-04-11,06,8880
2020-04-11,08,2328
2020-04-11,09,6234
2020-04-11,10,886
2020-04-11,11,876
2020-04-11,12,6957
2020-04-11,13,5999
2020-04-11,15,114
2020-04-11,16,374
2020-04-11,17,8823
2020-04-11,18,3482
2020-04-11,19,723
2020-04-11,20,577
2020-04-11,21,776
2020-04-11,22,7518
2020-04-11,23,160
2020-04-11,24,4569
2020-04-11,25,12147
2020-04-11,26,9765
2020-04-11,27,562
2020-04-11,28,1187
2020-04-11,29,1923
2020-04-11,30,112
2020-04-11,31,378
2020-04-11,32,960
2020-04-11,33,345
2020-04-11,34,24027
2020-04-11,35,585
2020-04-11,36,67193
2020-04-11,37,1900
2020-04-11,38,107
2020-04-11,39,2511
2020-04-11,40,707
2020-04-11,41,472
2020-04-11,42,11275
2020-04-11,44,1543
2020-04-11,45,1294
2020-04-11,46,414
2020-04-11,47,1810
2020-04-11,48,6462
2020-04-11,49,779
2020-04-11,50,250
2020-04-11,51,2670
2020-04-11,53,3187
2020-04-11,54,295
2020-04-11,55,1183
2020-04-11,56,74
2020-04-11,60,0
2020-04-11,66,40
2020-04-11,69,3
2020-04-11,72,336
2020-04-11,78,11
2020-04-11,US,219350
2020-04-18,01,1442
2020-04-18,02,58
2020-04-18,04,1331
2020-04-18,05,516
2020-04-18,06,8794
2020-04-18,08,2547
2020-04-18,09,6040
2020-04-18,10,1059
2020-04-18,11,888
2020-04-18,12,6998
2020-04-18,13,5510
2020-04-18,15,109
2020-04-18,16,259
2020-04-18,17,9980
2020-04-18,18,3206
2020-04-18,19,1003
2020-04-18,20,546
2020-04-18,21,1014
2020-04-18,22,3566
2020-04-18,23,231
2020-04-18,24,4632
2020-04-18,25,15319
2020-04-18,26,7531
2020-04-18,27,782
2020-04-18,28,1332
2020-04-18,29,1318
2020-04-18,30,49
2020-04-18,31,550
2020-04-18,32,924
2020-04-18,33,457
2020-04-18,34,23269
2020-04-18,35,707
2020-04-18,36,56377
2020-04-18,37,1989
2020-04-18,38,235
2020-04-18,39,3972
2020-04-18,40,597
2020-04-18,41,473
2020-04-18,42,9933
2020-04-18,44,2142
2020-04-18,45,1037
2020-04-18,46,916
2020-04-18,47,1457
2020-04-18,48,5667
2020-04-18,49,710
2020-04-18,50,92
2020-04-18,51,2976
2020-04-18,53,1342
2020-04-18,54,208
2020-04-18,55,986
2020-04-18,56,48
2020-04-18,60,0
2020-04-18,66,3
2020-04-18,69,3
2020-04-18,72,330
2020-04-18,78,2
2020-04-18,US,203462
2020-04-25,01,1486
2020-04-25,02,25
2020-04-25,04,1562
2020-04-25,05,1167
2020-04-25,06,11857
2020-04-25,08,3528
2020-04-25,09,7033
2020-04-25,10,1038
2020-04-25,11,1033
2020-04-25,12,5347
2020-04-25,13,5553
2020-04-25,15,31
2020-04-25,16,232
2020-04-25,17,12617
2020-04-25,18,3758
2020-04-25,19,2579
2020-04-25,20,1314
2020-04-25,21,1208
2020-04-25,22,2932
2020-04-25,23,118
2020-04-25,24,5440
2020-04-25,25,14880
2020-04-25,26,6758
2020-04-25,27,1237
2020-04-25,28,1744
2020-04-25,29,1395
2020-04-25,30,19
2020-04-25,31,1470
2020-04-25,32,913
2020-04-25,33,455
2020-04-25,34,24078
2020-04-25,35,862
2020-04-25,36,44740
2020-04-25,37,2405
2020-04-25,38,275
2020-04-25,39,5365
2020-04-25,40,729
2020-04-25,41,409
2020-04-25,42,9501
2020-04-25,44,2638
2020-04-25,45,1005
2020-04-25,46,605
2020-04-25,47,2600
2020-04-25,48,5465
2020-04-25,49,1031
2020-04-25,50,40
2020-04-25,51,4313
2020-04-25,53,1543
2020-04-25,54,225
2020-04-25,55,1488
2020-04-25,56,182
2020-04-25,60,0
2020-04-25,66,5
2020-04-25,69,0
2020-04-25,72,-245
2020-04-25,78,2
2020-04-25,US,207990
2020-05-02,01,1426
2020-05-02,02,26
2020-05-02,04,2078
2020-05-02,05,461
2020-05-02,06,10979
2020-05-02,08,3257
2020-05-02,09,4704
2020-05-02,10,1462
2020-05-02,11,1098
2020-05-02,12,4624
2020-05-02,13,5109
2020-05-02,15,15
2020-05-02,16,174
2020-05-02,17,16728
2020-05-02,18,4896
2020-05-02,19,3551
2020-05-02,20,1750
2020-05-02,21,964
2020-05-02,22,2628
2020-05-02,23,188
2020-05-02,24,6707
2020-05-02,25,12447
2020-05-02,26,6635
2020-05-02,27,2786
2020-05-02,28,1723
2020-05-02,29,1341
2020-05-02,30,10
2020-05-02,31,2598
2020-05-02,32,850
2020-05-02,33,632
2020-05-02,34,18219
2020-05-02,35,1072
2020-05-02,36,30834
2020-05-02,37,3000
2020-05-02,38,350
2020-05-02,39,3748
2020-05-02,40,657
2020-05-02,41,382
2020-05-02,42,9341
2020-05-02,44,2160
2020-05-02,45,1236
2020-05-02,46,441
2020-05-02,47,3472
2020-05-02,48,6754
2020-05-02,49,1037
2020-05-02,50,43
2020-05-02,51,5372
2020-05-02,53,1684
2020-05-02,54,175
2020-05-02,55,1973
2020-05-02,56,88
2020-05-02,60,0
2020-05-02,66,4
2020-05-02,69,0
2020-05-02,72,94
2020-05-02,78,11
2020-05-02,US,193994
2020-05-09,01,2020
2020-05-09,02,15
2020-05-09,04,2596
2020-05-09,05,375
2020-05-09,06,13225
2020-05-09,08,3150
2020-05-09,09,3697
2020-05-09,10,1239
2020-05-09,11,1305
2020-05-09,12,4538
2020-05-09,13,4257
2020-05-09,15,11
2020-05-09,16,144
2020-05-09,17,17580
2020-05-09,18,4437
2020-05-09,19,3028
2020-05-09,20,1944
2020-05-09,21,1561
2020-05-09,22,2277
2020-05-09,23,255
2020-05-09,24,7061
2020-05-09,25,9898
2020-05-09,26,4252
2020-05-09,27,4558
2020-05-09,28,1937
2020-05-09,29,1539
2020-05-09,30,3
2020-05-09,31,2776
2020-05-09,32,782
2020-05-09,33,582
2020-05-09,34,13680
2020-05-09,35,1046
2020-05-09,36,20145
2020-05-09,37,3073
2020-05-09,38,311
2020-05-09,39,4362
2020-05-09,40,639
2020-05-09,41,525
2020-05-09,42,8066
2020-05-09,44,1700
2020-05-09,45,1042
2020-05-09,46,805
2020-05-09,47,2107
2020-05-09,48,7485
2020-05-09,49,1118
2020-05-09,50,35
2020-05-09,51,5458
2020-05-09,53,1671
2020-05-09,54,138
2020-05-09,55,2279
2020-05-09,56,74
2020-05-09,60,0
2020-05-09,66,6
2020-05-09,69,2
2020-05-09,72,60
2020-05-09,78,2
2020-05-09,US,176871
2020-05-16,01,2108
2020-05-16,02,18
2020-05-16,04,2706
2020-05-16,05,831
2020-05-16,06,12153
2020-05-16,08,2258
2020-05-16,09,3719
2020-05-16,10,1270
2020-05-16,11,940
2020-05-16,12,4810
2020-05-16,13,4624
2020-05-16,15,8
2020-05-16,16,214
2020-05-16,17,16372
2020-05-16,18,3548
2020-05-16,19,2657
2020-05-16,20,1110
2020-05-16,21,1248
2020-05-16,22,2700
2020-05-16,23,240
2020-05-16,24,6434
2020-05-16,25,7551
2020-05-16,26,4639
2020-05-16,27,4179
2020-05-16,28,1745
2020-05-16,29,1061
2020-05-16,30,10
2020-05-16,31,2127
2020-05-16,32,642
2020-05-16,33,545
2020-05-16,34,7692
2020-05-16,35,1069
2020-05-16,36,15110
2020-05-16,37,3752
2020-05-16,38,384
2020-05-16,39,3777
2020-05-16,40,747
2020-05-16,41,452
2020-05-16,42,6625
2020-05-16,44,1445
2020-05-16,45,1130
2020-05-16,46,566
2020-05-16,47,2495
2020-05-16,48,9054
2020-05-16,49,965
2020-05-16,50,13
2020-05-16,51,6487
2020-05-16,53,1614
2020-05-16,54,147
2020-05-16,55,2248
2020-05-16,56,88
2020-05-16,60,0
2020-05-16,66,3
2020-05-16,69,5
2020-05-16,72,79
2020-05-16,78,1
2020-05-16,US,158415
2020-05-23,01,2500
2020-05-23,02,20
2020-05-23,04,2387
2020-05-23,05,1197
2020-05-23,06,13839
2020-05-23,08,2331
2020-05-23,09,3319
2020-05-23,10,982
2020-05-23,11,924
2020-05-23,12,5316
2020-05-23,13,5030
2020-05-23,15,4
2020-05-23,16,176
2020-05-23,17,15339
2020-05-23,18,3621
2020-05-23,19,2570
2020-05-23,20,1007
2020-05-23,21,883
2020-05-23,22,2808
2020-05-23,23,365
2020-05-23,24,7527
2020-05-23,25,6059
2020-05-23,26,4731
2020-05-23,27,4876
2020-05-23,28,1882
2020-05-23,29,1096
2020-05-23,30,11
2020-05-23,31,1743
2020-05-23,32,713
2020-05-23,33,533
2020-05-23,34,8051
2020-05-23,35,778
2020-05-23,36,11694
2020-05-23,37,4569
2020-05-23,38,517
2020-05-23,39,3934
2020-05-23,40,723
2020-05-23,41,276
2020-05-23,42,5824
2020-05-23,44,1518
2020-05-23,45,1234
2020-05-23,46,505
2020-05-23,47,2522
2020-05-23,48,7385
2020-05-23,49,1192
2020-05-23,50,20
2020-05-23,51,6066
2020-05-23,53,977
2020-05-23,54,235
2020-05-23,55,2690
2020-05-23,56,72
2020-05-23,60,0
2020-05-23,66,11
2020-05-23,69,1
2020-05-23,72,115
2020-05-23,78,0
2020-05-23,US,154698
2020-05-30,01,3361
2020-05-30,02,32
2020-05-30,04,3205
2020-05-30,05,1238
2020-05-30,06,17331
2020-05-30,08,2134
2020-05-30,09,2000
2020-05-30,10,893
2020-05-30,11,751
2020-05-30,12,5297
2020-05-30,13,4089
2020-05-30,15,8
2020-05-30,16,208
2020-05-30,17,11121
2020-05-30,18,3310
2020-05-30,19,2346
2020-05-30,20,744
2020-05-30,21,1133
2020-05-30,22,2652
2020-05-30,23,269
2020-05-30,24,6520
2020-05-30,25,3598
2020-05-30,26,3179
2020-05-30,27,4345
2020-05-30,28,2224
2020-05-30,29,1255
2020-05-30,30,26
2020-05-30,31,1942
2020-05-30,32,991
2020-05-30,33,403
2020-05-30,34,6468
2020-05-30,35,999
2020-05-30,36,9734
2020-05-30,37,5413
2020-05-30,38,189
2020-05-30,39,3625
2020-05-30,40,458
2020-05-30,41,297
2020-05-30,42,4688
2020-05-30,44,867
2020-05-30,45,1499
2020-05-30,46,496
2020-05-30,47,2781
2020-05-30,48,8057
2020-05-30,49,1273
2020-05-30,50,23
2020-05-30,51,7862
2020-05-30,53,2084
2020-05-30,54,284
2020-05-30,55,3353
2020-05-30,56,85
2020-05-30,60,0
2020-05-30,66,7
2020-05-30,69,0
2020-05-30,72,69
2020-05-30,78,0
2020-05-30,US,147216
2020-06-06,01,2666
2020-06-06,02,131
2020-06-06,04,6193
2020-06-06,05,2088
2020-06-06,06,18711
2020-06-06,08,1750
2020-06-06,09,1796
2020-06-06,10,423
2020-06-06,11,552
2020-06-06,12,7334
2020-06-06,13,5028
2020-06-06,15,22
2020-06-06,16,336
2020-06-06,17,7973
2020-06-06,18,2786
2020-06-06,19,2234
2020-06-06,20,671
2020-06-06,21,1583
2020-06-06,22,2909
2020-06-06,23,242
2020-06-06,24,5467
2020-06-06,25,2481
2020-06-06,26,2689
2020-06-06,27,3311
2020-06-06,28,1810
2020-06-06,29,1642
2020-06-06,30,35
2020-06-06,31,1667
2020-06-06,32,974
2020-06-06,33,527
2020-06-06,34,4285
2020-06-06,35,1176
2020-06-06,36,7656
2020-06-06,37,6985
2020-06-06,38,262
2020-06-06,39,3078
2020-06-06,40,641
2020-06-06,41,385
2020-06-06,42,3808
2020-06-06,44,622
2020-06-06,45,2144
2020-06-06,46,407
2020-06-06,47,3611
2020-06-06,48,11576
2020-06-06,49,2265
2020-06-06,50,69
2020-06-06,51,5786
2020-06-06,53,2093
2020-06-06,54,147
2020-06-06,55,2341
2020-06-06,56,41
2020-06-06,60,0
2020-06-06,66,7
2020-06-06,69,4
2020-06-06,72,60
2020-06-06,78,2
2020-06-06,US,145482
2020-06-13,01,5009
2020-06-13,02,145
2020-06-13,04,9209
2020-06-13,05,2994
2020-06-13,06,21428
2020-06-13,08,1169
2020-06-13,09,1176
2020-06-13,10,384
2020-06-13,11,440
2020-06-13,12,10794
2020-06-13,13,5445
2020-06-13,15,50
2020-06-13,16,214
2020-06-13,17,4981
2020-06-13,18,2546
2020-06-13,19,2239
2020-06-13,20,659
2020-06-13,21,1158
2020-06-13,22,3797
2020-06-13,23,233
2020-06-13,24,3823
2020-06-13,25,1743
2020-06-13,26,922
2020-06-13,27,2671
2020-06-13,28,2309
2020-06-13,29,1190
2020-06-13,30,48
2020-06-13,31,1068
2020-06-13,32,1506
2020-06-13,33,280
2020-06-13,34,2712
2020-06-13,35,821
2020-06-13,36,5314
2020-06-13,37,8574
2020-06-13,38,242
2020-06-13,39,2740
2020-06-13,40,1014
2020-06-13,41,807
2020-06-13,42,3439
2020-06-13,44,506
2020-06-13,45,4417
2020-06-13,46,466
2020-06-13,47,3372
2020-06-13,48,12491
2020-06-13,49,2183
2020-06-13,50,79
2020-06-13,51,4472
2020-06-13,53,2096
2020-06-13,54,138
2020-06-13,55,1947
2020-06-13,56,111
2020-06-13,60,0
2020-06-13,66,4
2020-06-13,69,4
2020-06-13,72,110
2020-06-13,78,1
2020-06-13,US,147690
2020-06-20,01,4319
2020-06-20,02,125
2020-06-20,04,15467
2020-06-20,05,3047
2020-06-20,06,25209
2020-06-20,08,1331
2020-06-20,09,721
2020-06-20,10,452
2020-06-20,11,275
2020-06-20,12,20245
2020-06-20,13,7005
2020-06-20,15,66
2020-06-20,16,651
2020-06-20,17,4233
2020-06-20,18,2518
2020-06-20,19,1779
2020-06-20,20,1077
2020-06-20,21,1185
2020-06-20,22,3102
2020-06-20,23,181
2020-06-20,24,2651
2020-06-20,25,1330
2020-06-20,26,1709
2020-06-20,27,2295
2020-06-20,28,1293
2020-06-20,29,1825
2020-06-20,30,110
2020-06-20,31,1067
2020-06-20,32,1979
2020-06-20,33,219
2020-06-20,34,2229
2020-06-20,35,809
2020-06-20,36,4642
2020-06-20,37,8714
2020-06-20,38,193
2020-06-20,39,3410
2020-06-20,40,1965
2020-06-20,41,1373
2020-06-20,42,2646
2020-06-20,44,390
2020-06-20,45,5801
2020-06-20,46,392
2020-06-20,47,4897
2020-06-20,48,22648
2020-06-20,49,3087
2020-06-20,50,22
2020-06-20,51,3574
2020-06-20,53,2687
2020-06-20,54,226
2020-06-20,55,2021
2020-06-20,56,129
2020-06-20,60,0
2020-06-20,66,39
2020-06-20,69,0
2020-06-20,72,71
2020-06-20,78,1
2020-06-20,US,179432
2020-06-27,01,5400
2020-06-27,02,182
2020-06-27,04,19997
2020-06-27,05,4168
2020-06-27,06,35449
2020-06-27,08,1674
2020-06-27,09,491
2020-06-27,10,410
2020-06-27,11,232
2020-06-27,12,38748
2020-06-27,13,11176
2020-06-27,15,83
2020-06-27,16,1318
2020-06-27,17,4973
2020-06-27,18,2514
2020-06-27,19,2577
2020-06-27,20,1520
2020-06-27,21,1537
2020-06-27,22,5384
2020-06-27,23,216
2020-06-27,24,2494
2020-06-27,25,1288
2020-06-27,26,2134
2020-06-27,27,2566
2020-06-27,28,4890
2020-06-27,29,2515
2020-06-27,30,154
2020-06-27,31,1068
2020-06-27,32,3363
2020-06-27,33,199
2020-06-27,34,2039
2020-06-27,35,1189
2020-06-27,36,4651
2020-06-27,37,9727
2020-06-27,38,207
2020-06-27,39,5194
2020-06-27,40,2608
2020-06-27,41,1344
2020-06-27,42,3856
2020-06-27,44,324
2020-06-27,45,8183
2020-06-27,46,401
2020-06-27,47,5726
2020-06-27,48,36235
2020-06-27,49,3560
2020-06-27,50,53
2020-06-27,51,3804
2020-06-27,53,3179
2020-06-27,54,282
2020-06-27,55,2747
2020-06-27,56,213
2020-06-27,60,0
2020-06-27,66,25
2020-06-27,69,0
2020-06-27,72,71
2020-06-27,78,8
2020-06-27,US,254346
2020-07-04,01,8133
2020-07-04,02,311
2020-07-04,04,24443
2020-07-04,05,3899
2020-07-04,06,42203
2020-07-04,08,1844
2020-07-04,09,511
2020-07-04,10,905
2020-07-04,11,231
2020-07-04,12,57507
2020-07-04,13,18334
2020-07-04,15,127
2020-07-04,16,2048
2020-07-04,17,5535
2020-07-04,18,2857
2020-07-04,19,2988
2020-07-04,20,2294
2020-07-04,21,1209
2020-07-04,22,8520
2020-07-04,23,243
2020-07-04,24,2891
2020-07-04,25,1145
2020-07-04,26,2902
2020-07-04,27,2591
2020-07-04,28,5143
2020-07-04,29,3011
2020-07-04,30,315
2020-07-04,31,1052
2020-07-04,32,5236
2020-07-04,33,155
2020-07-04,34,2160
2020-07-04,35,1444
2020-07-04,36,4675
2020-07-04,37,11043
2020-07-04,38,321
2020-07-04,39,6728
2020-07-04,40,3002
2020-07-04,41,1836
2020-07-04,42,4476
2020-07-04,44,330
2020-07-04,45,11447
2020-07-04,46,402
2020-07-04,47,9968
2020-07-04,48,48155
2020-07-04,49,3914
2020-07-04,50,38
2020-07-04,51,3862
2020-07-04,53,3843
2020-07-04,54,423
2020-07-04,55,3769
2020-07-04,56,214
2020-07-04,60,0
2020-07-04,66,33
2020-07-04,69,1
2020-07-04,72,215
2020-07-04,78,30
2020-07-04,US,330912
2020-07-11,01,9586
2020-07-11,02,319
2020-07-11,04,25363
2020-07-11,05,4655
2020-07-11,06,65866
2020-07-11,08,2725
2020-07-11,09,570
2020-07-11,10,747
2020-07-11,11,354
2020-07-11,12,64459
2020-07-11,13,21082
2020-07-11,15,201
2020-07-11,16,3136
2020-07-11,17,7482
2020-07-11,18,3647
2020-07-11,19,3597
2020-07-11,20,2776
2020-07-11,21,2745
2020-07-11,22,13514
2020-07-11,23,123
2020-07-11,24,3126
2020-07-11,25,1496
2020-07-11,26,3789
2020-07-11,27,3947
2020-07-11,28,4745
2020-07-11,29,4023
2020-07-11,30,510
2020-07-11,31,1171
2020-07-11,32,5263
2020-07-11,33,152
2020-07-11,34,1926
2020-07-11,35,1710
2020-07-11,36,4431
2020-07-11,37,12713
2020-07-11,38,464
2020-07-11,39,8031
2020-07-11,40,4131
2020-07-11,41,1921
2020-07-11,42,5294
2020-07-11,44,321
2020-07-11,45,11313
2020-07-11,46,426
2020-07-11,47,10866
2020-07-11,48,60477
2020-07-11,49,4313
2020-07-11,50,45
2020-07-11,51,4673
2020-07-11,53,3971
2020-07-11,54,941
2020-07-11,55,4624
2020-07-11,56,233
2020-07-11,60,0
2020-07-11,66,30
2020-07-11,69,2
2020-07-11,72,618
2020-07-11,78,56
2020-07-11,US,404699
2020-07-18,01,13379
2020-07-18,02,511
2020-07-18,04,21335
2020-07-18,05,4669
2020-07-18,06,61984
2020-07-18,08,3197
2020-07-18,09,606
2020-07-18,10,686
2020-07-18,11,393
2020-07-18,12,83058
2020-07-18,13,25479
2020-07-18,15,154
2020-07-18,16,3797
2020-07-18,17,7691
2020-07-18,18,4575
2020-07-18,19,3655
2020-07-18,20,3006
2020-07-18,21,3063
2020-07-18,22,11787
2020-07-18,23,125
2020-07-18,24,4739
2020-07-18,25,1585
2020-07-18,26,4968
2020-07-18,27,3899
2020-07-18,28,6427
2020-07-18,29,5098
2020-07-18,30,794
2020-07-18,31,1483
2020-07-18,32,7639
2020-07-18,33,164
2020-07-18,34,1855
2020-07-18,35,1963
2020-07-18,36,5276
2020-07-18,37,14002
2020-07-18,38,664
2020-07-18,39,9607
2020-07-18,40,5278
2020-07-18,41,2298
2020-07-18,42,5564
2020-07-18,44,481
2020-07-18,45,12913
2020-07-18,46,408
2020-07-18,47,15330
2020-07-18,48,72696
2020-07-18,49,4477
2020-07-18,50,55
2020-07-18,51,6591
2020-07-18,53,6808
2020-07-18,54,748
2020-07-18,55,5806
2020-07-18,56,269
2020-07-18,60,0
2020-07-18,66,4
2020-07-18,69,4
2020-07-18,72,1026
2020-07-18,78,116
2020-07-18,US,464185
2020-07-25,01,12007
2020-07-25,02,732
2020-07-25,04,18776
2020-07-25,05,5448
2020-07-25,06,65707
2020-07-25,08,4001
2020-07-25,09,883
2020-07-25,10,746
2020-07-25,11,523
2020-07-25,12,76942
2020-07-25,13,25308
2020-07-25,15,266
2020-07-25,16,3523
2020-07-25,17,9337
2020-07-25,18,5866
2020-07-25,19,3573
2020-07-25,20,3316
2020-07-25,21,4580
2020-07-25,22,15144
2020-07-25,23,145
2020-07-25,24,5848
2020-07-25,25,1736
2020-07-25,26,4284
2020-07-25,27,4821
2020-07-25,28,9135
2020-07-25,29,8330
2020-07-25,30,788
2020-07-25,31,1914
2020-07-25,32,7339
2020-07-25,33,227
2020-07-25,34,2044
2020-07-25,35,2052
2020-07-25,36,4895
2020-07-25,37,13633
2020-07-25,38,829
2020-07-25,39,9363
2020-07-25,40,5024
2020-07-25,41,2343
2020-07-25,42,6335
2020-07-25,44,431
2020-07-25,45,12396
2020-07-25,46,443
2020-07-25,47,14460
2020-07-25,48,63261
2020-07-25,49,4291
2020-07-25,50,58
2020-07-25,51,7236
2020-07-25,53,5823
2020-07-25,54,881
2020-07-25,55,6385
2020-07-25,56,338
2020-07-25,60,0
2020-07-25,66,23
2020-07-25,69,3
2020-07-25,72,1581
2020-07-25,78,69
2020-07-25,US,465442
2020-08-01,01,12111
2020-08-01,02,955
2020-08-01,04,16961
2020-08-01,05,5192
2020-08-01,06,60161
2020-08-01,08,3478
2020-08-01,09,1034
2020-08-01,10,702
2020-08-01,11,488
2020-08-01,12,65517
2020-08-01,13,24824
2020-08-01,15,577
2020-08-01,16,3284
2020-08-01,17,10632
2020-08-01,18,5602
2020-08-01,19,3407
2020-08-01,20,2583
2020-08-01,21,3959
2020-08-01,22,12546
2020-08-01,23,147
2020-08-01,24,6311
2020-08-01,25,2094
2020-08-01,26,5710
2020-08-01,27,4897
2020-08-01,28,8900
2020-08-01,29,10598
2020-08-01,30,822
2020-08-01,31,1996
2020-08-01,32,7258
2020-08-01,33,199
2020-08-01,34,3171
2020-08-01,35,2008
2020-08-01,36,4567
2020-08-01,37,12953
2020-08-01,38,866
2020-08-01,39,8903
2020-08-01,40,7650
2020-08-01,41,2325
2020-08-01,42,6353
2020-08-01,44,798
2020-08-01,45,10591
2020-08-01,46,562
2020-08-01,47,17388
2020-08-01,48,55695
2020-08-01,49,3079
2020-08-01,50,25
2020-08-01,51,7192
2020-08-01,53,5692
2020-08-01,54,963
2020-08-01,55,6132
2020-08-01,56,323
2020-08-01,60,0
2020-08-01,66,19
2020-08-01,69,4
2020-08-01,72,1501
2020-08-01,78,69
2020-08-01,US,441774
2020-08-08,01,9555
2020-08-08,02,555
2020-08-08,04,9105
2020-08-08,05,5638
2020-08-08,06,47775
2020-08-08,08,3057
2020-08-08,09,510
2020-08-08,10,625
2020-08-08,11,448
2020-08-08,12,46549
2020-08-08,13,23415
2020-08-08,15,1149
2020-08-08,16,3387
2020-08-08,17,12244
2020-08-08,18,6165
2020-08-08,19,3242
2020-08-08,20,2871
2020-08-08,21,3855
2020-08-08,22,12466
2020-08-08,23,91
2020-08-08,24,5216
2020-08-08,25,2062
2020-08-08,26,4859
2020-08-08,27,4913
2020-08-08,28,6765
2020-08-08,29,6389
2020-08-08,30,808
2020-08-08,31,1854
2020-08-08,32,6345
2020-08-08,33,204
2020-08-08,34,2400
2020-08-08,35,1319
2020-08-08,36,4578
2020-08-08,37,11147
2020-08-08,38,906
2020-08-08,39,7882
2020-08-08,40,5349
2020-08-08,41,2193
2020-08-08,42,5197
2020-08-08,44,716
2020-08-08,45,8861
2020-08-08,46,610
2020-08-08,47,12401
2020-08-08,48,53480
2020-08-08,49,3049
2020-08-08,50,33
2020-08-08,51,8388
2020-08-08,53,4982
2020-08-08,54,825
2020-08-08,55,5931
2020-08-08,56,246
2020-08-08,60,0
2020-08-08,66,55
2020-08-08,69,4
2020-08-08,72,2030
2020-08-08,78,107
2020-08-08,US,374806
2020-08-15,01,7072
2020-08-15,02,582
2020-08-15,04,6547
2020-08-15,05,3181
2020-08-15,06,63606
2020-08-15,08,2514
2020-08-15,09,577
2020-08-15,10,894
2020-08-15,11,506
2020-08-15,12,43060
2020-08-15,13,21741
2020-08-15,15,1479
2020-08-15,16,2978
2020-08-15,17,11853
2020-08-15,18,6389
2020-08-15,19,3530
2020-08-15,20,3422
2020-08-15,21,4352
2020-08-15,22,7991
2020-08-15,23,116
2020-08-15,24,5112
2020-08-15,25,2008
2020-08-15,26,5591
2020-08-15,27,4312
2020-08-15,28,5109
2020-08-15,29,8983
2020-08-15,30,770
2020-08-15,31,1996
2020-08-15,32,5189
2020-08-15,33,162
2020-08-15,34,3013
2020-08-15,35,1187
2020-08-15,36,4556
2020-08-15,37,9793
2020-08-15,38,936
2020-08-15,39,7705
2020-08-15,40,4718
2020-08-15,41,2008
2020-08-15,42,5866
2020-08-15,44,597
2020-08-15,45,6422
2020-08-15,46,641
2020-08-15,47,11162
2020-08-15,48,49303
2020-08-15,49,2570
2020-08-15,50,55
2020-08-15,51,6561
2020-08-15,53,4362
2020-08-15,54,899
2020-08-15,55,5123
2020-08-15,56,212
2020-08-15,60,0
2020-08-15,66,91
2020-08-15,69,2
2020-08-15,72,2496
2020-08-15,78,206
2020-08-15,US,362106
2020-08-22,01,7883
2020-08-22,02,549
2020-08-22,04,5241
2020-08-22,05,4207
2020-08-22,06,46441
2020-08-22,08,2045
2020-08-22,09,622
2020-08-22,10,432
2020-08-22,11,375
2020-08-22,12,27960
2020-08-22,13,17054
2020-08-22,15,1531
2020-08-22,16,2184
2020-08-22,17,13850
2020-08-22,18,5641
2020-08-22,19,3931
2020-08-22,20,3503
2020-08-22,21,4136
2020-08-22,22,4983
2020-08-22,23,174
2020-08-22,24,3830
2020-08-22,25,2069
2020-08-22,26,4262
2020-08-22,27,4454
2020-08-22,28,5513
2020-08-22,29,7948
2020-08-22,30,717
2020-08-22,31,1539
2020-08-22,32,4461
2020-08-22,33,114
2020-08-22,34,1904
2020-08-22,35,1000
2020-08-22,36,4264
2020-08-22,37,10869
2020-08-22,38,1292
2020-08-22,39,6491
2020-08-22,40,4801
2020-08-22,41,1692
2020-08-22,42,4629
2020-08-22,44,687
2020-08-22,45,5413
2020-08-22,46,1017
2020-08-22,47,10336
2020-08-22,48,42786
2020-08-22,49,2493
2020-08-22,50,44
2020-08-22,51,6322
2020-08-22,53,3710
2020-08-22,54,723
2020-08-22,55,4953
2020-08-22,56,316
2020-08-22,60,0
2020-08-22,66,265
2020-08-22,69,4
2020-08-22,72,2213
2020-08-22,78,226
2020-08-22,US,306099
2020-08-29,01,9346
2020-08-29,02,534
2020-08-29,04,3392
2020-08-29,05,4179
2020-08-29,06,37603
2020-08-29,08,2157
2020-08-29,09,976
2020-08-29,10,521
2020-08-29,11,391
2020-08-29,12,21406
2020-08-29,13,15536
2020-08-29,15,1783
2020-08-29,16,2009
2020-08-29,17,13365
2020-08-29,18,7117
2020-08-29,19,7616
2020-08-29,20,4207
2020-08-29,21,4511
2020-08-29,22,5224
2020-08-29,23,174
2020-08-29,24,3771
2020-08-29,25,2284
2020-08-29,26,5092
2020-08-29,27,5390
2020-08-29,28,4761
2020-08-29,29,8216
2020-08-29,30,875
2020-08-29,31,1973
2020-08-29,32,3392
2020-08-29,33,152
2020-08-29,34,1974
2020-08-29,35,876
2020-08-29,36,4237
2020-08-29,37,11488
2020-08-29,38,1748
2020-08-29,39,7155
2020-08-29,40,4754
2020-08-29,41,1583
2020-08-29,42,4416
2020-08-29,44,661
2020-08-29,45,5954
2020-08-29,46,1807
2020-08-29,47,10197
2020-08-29,48,38164
2020-08-29,49,2592
2020-08-29,50,52
2020-08-29,51,6737
2020-08-29,53,3284
2020-08-29,54,785
2020-08-29,55,4791
2020-08-29,56,252
2020-08-29,60,0
2020-08-29,66,520
2020-08-29,69,2
2020-08-29,72,1704
2020-08-29,78,158
2020-08-29,US,293844
2020-09-05,01,6759
2020-09-05,02,496
2020-09-05,04,4230
2020-09-05,05,4312
2020-09-05,06,33276
2020-09-05,08,1946
2020-09-05,09,870
2020-09-05,10,543
2020-09-05,11,313
2020-09-05,12,24864
2020-09-05,13,13790
2020-09-05,15,1554
2020-09-05,16,1806
2020-09-05,17,17036
2020-09-05,18,6527
2020-09-05,19,6078
2020-09-05,20,4061
2020-09-05,21,4887
2020-09-05,22,5415
2020-09-05,23,141
2020-09-05,24,4313
2020-09-05,25,1785
2020-09-05,26,6055
2020-09-05,27,5623
2020-09-05,28,4449
2020-09-05,29,10003
2020-09-05,30,913
2020-09-05,31,2052
2020-09-05,32,2641
2020-09-05,33,178
2020-09-05,34,2427
2020-09-05,35,870
2020-09-05,36,5370
2020-09-05,37,10318
2020-09-05,38,1850
2020-09-05,39,8465
2020-09-05,40,5834
2020-09-05,41,1563
2020-09-05,42,5704
2020-09-05,44,560
2020-09-05,45,7040
2020-09-05,46,1947
2020-09-05,47,10082
2020-09-05,48,29276
2020-09-05,49,2866
2020-09-05,50,42
2020-09-05,51,6918
2020-09-05,53,2957
2020-09-05,54,1323
2020-09-05,55,5500
2020-09-05,56,195
2020-09-05,60,0
2020-09-05,66,332
2020-09-05,69,2
2020-09-05,72,1257
2020-09-05,78,49
2020-09-05,US,289663
2020-09-12,01,6252
2020-09-12,02,547
2020-09-12,04,2611
2020-09-12,05,5020
2020-09-12,06,23619
2020-09-12,08,1910
2020-09-12,09,961
2020-09-12,10,834
2020-09-12,11,255
2020-09-12,12,17704
2020-09-12,13,11357
2020-09-12,15,1029
2020-09-12,16,1693
2020-09-12,17,11897
2020-09-12,18,5600
2020-09-12,19,4515
2020-09-12,20,3002
2020-09-12,21,3951
2020-09-12,22,4750
2020-09-12,23,201
2020-09-12,24,3926
2020-09-12,25,2344
2020-09-12,26,5867
2020-09-12,27,3708
2020-09-12,28,3142
2020-09-12,29,9119
2020-09-12,30,761
2020-09-12,31,2315
2020-09-12,32,2118
2020-09-12,33,228
2020-09-12,34,2590
2020-09-12,35,613
2020-09-12,36,4868
2020-09-12,37,8250
2020-09-12,38,1817
2020-09-12,39,6783
2020-09-12,40,5472
2020-09-12,41,1300
2020-09-12,42,5355
2020-09-12,44,662
2020-09-12,45,5689
2020-09-12,46,1548
2020-09-12,47,8529
2020-09-12,48,22340
2020-09-12,49,2975
2020-09-12,50,30
2020-09-12,51,7141
2020-09-12,53,2640
2020-09-12,54,1235
2020-09-12,55,7303
2020-09-12,56,307
2020-09-12,60,0
2020-09-12,66,244
2020-09-12,69,2
2020-09-12,72,1355
2020-09-12,78,44
2020-09-12,US,240328
2020-09-19,01,6412
2020-09-19,02,554
2020-09-19,04,5423
2020-09-19,05,5450
2020-09-19,06,24380
2020-09-19,08,3460
2020-09-19,09,1201
2020-09-19,10,723
2020-09-19,11,409
2020-09-19,12,19662
2020-09-19,13,12116
2020-09-19,15,763
2020-09-19,16,2080
2020-09-19,17,13042
2020-09-19,18,6198
2020-09-19,19,5599
2020-09-19,20,3828
2020-09-19,21,4691
2020-09-19,22,4213
2020-09-19,23,200
2020-09-19,24,4211
2020-09-19,25,2641
2020-09-19,26,5029
2020-09-19,27,5133
2020-09-19,28,3467
2020-09-19,29,10574
2020-09-19,30,1238
2020-09-19,31,2677
2020-09-19,32,2199
2020-09-19,33,268
2020-09-19,34,2972
2020-09-19,35,851
2020-09-19,36,5398
2020-09-19,37,9321
2020-09-19,38,2456
2020-09-19,39,6979
2020-09-19,40,7145
2020-09-19,41,1443
2020-09-19,42,5601
2020-09-19,44,715
2020-09-19,45,7262
2020-09-19,46,2007
2020-09-19,47,10548
2020-09-19,48,30196
2020-09-19,49,5605
2020-09-19,50,33
2020-09-19,51,6787
2020-09-19,53,2723
2020-09-19,54,1361
2020-09-19,55,11959
2020-09-19,56,484
2020-09-19,60,0
2020-09-19,66,211
2020-09-19,69,8
2020-09-19,72,2209
2020-09-19,78,46
2020-09-19,US,282161
2020-09-26,01,7387
2020-09-26,02,705
2020-09-26,04,3275
2020-09-26,05,5595
2020-09-26,06,24138
2020-09-26,08,4154
2020-09-26,09,1060
2020-09-26,10,707
2020-09-26,11,313
2020-09-26,12,17449
2020-09-26,13,8852
2020-09-26,15,720
2020-09-26,16,3049
2020-09-26,17,13732
2020-09-26,18,5790
2020-09-26,19,6104
2020-09-26,20,5619
2020-09-26,21,4930
2020-09-26,22,3830
2020-09-26,23,224
2020-09-26,24,3228
2020-09-26,25,2869
2020-09-26,26,6286
2020-09-26,27,6938
2020-09-26,28,3590
2020-09-26,29,10642
2020-09-26,30,1744
2020-09-26,31,2799
2020-09-26,32,2936
2020-09-26,33,201
2020-09-26,34,3541
2020-09-26,35,1180
2020-09-26,36,5722
2020-09-26,37,9508
2020-09-26,38,2773
2020-09-26,39,6462
2020-09-26,40,7706
2020-09-26,41,1982
2020-09-26,42,5697
2020-09-26,44,561
2020-09-26,45,8033
2020-09-26,46,2689
2020-09-26,47,9452
2020-09-26,48,47179
2020-09-26,49,6695
2020-09-26,50,29
2020-09-26,51,5753
2020-09-26,53,3631
2020-09-26,54,1278
2020-09-26,55,14083
2020-09-26,56,684
2020-09-26,60,0
2020-09-26,66,212
2020-09-26,69,2
2020-09-26,72,2357
2020-09-26,78,60
2020-09-26,US,306135
2020-10-03,01,7216
2020-10-03,02,882
2020-10-03,04,3573
2020-10-03,05,5770
2020-10-03,06,22070
2020-10-03,08,4045
2020-10-03,09,1710
2020-10-03,10,969
2020-10-03,11,258
2020-10-03,12,15909
2020-10-03,13,8296
2020-10-03,15,716
2020-10-03,16,3406
2020-10-03,17,14009
2020-10-03,18,7510
2020-10-03,19,6393
2020-10-03,20,4527
2020-10-03,21,5965
2020-10-03,22,3674
2020-10-03,23,226
2020-10-03,24,3847
2020-10-03,25,4253
2020-10-03,26,6898
2020-10-03,27,7128
2020-10-03,28,3490
2020-10-03,29,9124
2020-10-03,30,2449
2020-10-03,31,3807
2020-10-03,32,3353
2020-10-03,33,476
2020-10-03,34,4726
2020-10-03,35,1604
2020-10-03,36,8600
2020-10-03,37,9112
2020-10-03,38,2754
2020-10-03,39,7957
2020-10-03,40,7238
2020-10-03,41,1930
2020-10-03,42,6305
2020-10-03,44,895
2020-10-03,45,5618
2020-10-03,46,2853
2020-10-03,47,8704
2020-10-03,48,33594
2020-10-03,49,6678
2020-10-03,50,39
2020-10-03,51,5395
2020-10-03,53,3589
2020-10-03,54,1314
2020-10-03,55,17153
2020-10-03,56,900
2020-10-03,60,0
2020-10-03,66,331
2020-10-03,69,3
2020-10-03,72,2640
2020-10-03,78,10
2020-10-03,US,301891
2020-10-10,01,6517
2020-10-10,02,1177
2020-10-10,04,4579
2020-10-10,05,5695
2020-10-10,06,22889
2020-10-10,08,5087
2020-10-10,09,1741
2020-10-10,10,873
2020-10-10,11,445
2020-10-10,12,14330
2020-10-10,13,8100
2020-10-10,15,644
2020-10-10,16,3999
2020-10-10,17,16669
2020-10-10,18,9352
2020-10-10,19,6741
2020-10-10,20,4727
2020-10-10,21,7444
2020-10-10,22,4580
2020-10-10,23,211
2020-10-10,24,3976
2020-10-10,25,4037
2020-10-10,26,8182
2020-10-10,27,8041
2020-10-10,28,4471
2020-10-10,29,13052
2020-10-10,30,3761
2020-10-10,31,4484
2020-10-10,32,3691
2020-10-10,33,495
2020-10-10,34,5301
2020-10-10,35,2426
2020-10-10,36,9783
2020-10-10,37,12866
2020-10-10,38,3493
2020-10-10,39,9492
2020-10-10,40,7873
2020-10-10,41,2413
2020-10-10,42,9559
2020-10-10,44,1218
2020-10-10,45,5730
2020-10-10,46,3961
2020-10-10,47,13054
2020-10-10,48,30128
2020-10-10,49,8419
2020-10-10,50,79
2020-10-10,51,7102
2020-10-10,53,3616
2020-10-10,54,1446
2020-10-10,55,16762
2020-10-10,56,1090
2020-10-10,60,0
2020-10-10,66,372
2020-10-10,69,4
2020-10-10,72,1754
2020-10-10,78,-2
2020-10-10,US,337929
2020-10-17,01,7439
2020-10-17,02,1377
2020-10-17,04,5481
2020-10-17,05,6202
2020-10-17,06,21204
2020-10-17,08,6727
2020-10-17,09,2792
2020-10-17,10,944
2020-10-17,11,416
2020-10-17,12,23560
2020-10-17,13,9115
2020-10-17,15,578
2020-10-17,16,4881
2020-10-17,17,23935
2020-10-17,18,12566
2020-10-17,19,7656
2020-10-17,20,5290
2020-10-17,21,7352
2020-10-17,22,4320
2020-10-17,23,217
2020-10-17,24,4332
2020-10-17,25,4590
2020-10-17,26,11652
2020-10-17,27,10262
2020-10-17,28,5368
2020-10-17,29,11426
2020-10-17,30,4108
2020-10-17,31,5445
2020-10-17,32,4253
2020-10-17,33,533
2020-10-17,34,5861
2020-10-17,35,3621
2020-10-17,36,9748
2020-10-17,37,13973
2020-10-17,38,4634
2020-10-17,39,12767
2020-10-17,40,7847
2020-10-17,41,2391
2020-10-17,42,9871
2020-10-17,44,1397
2020-10-17,45,6593
2020-10-17,46,4664
2020-10-17,47,13490
2020-10-17,48,32835
2020-10-17,49,8653
2020-10-17,50,69
2020-10-17,51,7333
2020-10-17,53,4636
2020-10-17,54,1878
2020-10-17,55,18626
2020-10-17,56,1361
2020-10-17,60,0
2020-10-17,66,549
2020-10-17,69,9
2020-10-17,72,1735
2020-10-17,78,10
2020-10-17,US,388572
2020-10-24,01,11694
2020-10-24,02,1721
2020-10-24,04,6313
2020-10-24,05,6896
2020-10-24,06,30070
2020-10-24,08,9031
2020-10-24,09,3222
2020-10-24,10,905
2020-10-24,11,372
2020-10-24,12,23770
2020-10-24,13,10221
2020-10-24,15,615
2020-10-24,16,6112
2020-10-24,17,31515
2020-10-24,18,14477
2020-10-24,19,8138
2020-10-24,20,5756
2020-10-24,21,8683
2020-10-24,22,4877
2020-10-24,23,224
2020-10-24,24,4360
2020-10-24,25,6558
2020-10-24,26,14507
2020-10-24,27,11032
2020-10-24,28,5082
2020-10-24,29,12721
2020-10-24,30,4917
2020-10-24,31,5883
2020-10-24,32,5160
2020-10-24,33,613
2020-10-24,34,8601
2020-10-24,35,4697
2020-10-24,36,10941
2020-10-24,37,14567
2020-10-24,38,5613
2020-10-24,39,15581
2020-10-24,40,9217
2020-10-24,41,2424
2020-10-24,42,11702
2020-10-24,44,2427
2020-10-24,45,6127
2020-10-24,46,5530
2020-10-24,47,17948
2020-10-24,48,40793
2020-10-24,49,9820
2020-10-24,50,117
2020-10-24,51,7134
2020-10-24,53,4593
2020-10-24,54,1911
2020-10-24,55,38953
2020-10-24,56,1989
2020-10-24,60,0
2020-10-24,66,603
2020-10-24,69,2
2020-10-24,72,2779
2020-10-24,78,11
2020-10-24,US,479525
2020-10-31,01,9782
2020-10-31,02,2810
2020-10-31,04,9174
2020-10-31,05,6872
2020-10-31,06,28459
2020-10-31,08,13950
2020-10-31,09,5155
2020-10-31,10,1104
2020-10-31,11,560
2020-10-31,12,26296
2020-10-31,13,11185
2020-10-31,15,526
2020-10-31,16,5914
2020-10-31,17,41646
2020-10-31,18,18904
2020-10-31,19,13674
2020-10-31,20,8538
2020-10-31,21,11739
2020-10-31,22,4046
2020-10-31,23,526
2020-10-31,24,5794
2020-10-31,25,9088
2020-10-31,26,21794
2020-10-31,27,16350
2020-10-31,28,5072
2020-10-31,29,16163
2020-10-31,30,5659
2020-10-31,31,7517
2020-10-31,32,5949
2020-10-31,33,846
2020-10-31,34,10547
2020-10-31,35,5450
2020-10-31,36,13711
2020-10-31,37,16343
2020-10-31,38,7042
2020-10-31,39,19891
2020-10-31,40,7077
2020-10-31,41,3182
2020-10-31,42,15421
2020-10-31,44,2756
2020-10-31,45,7271
2020-10-31,46,7851
2020-10-31,47,16585
2020-10-31,48,45093
2020-10-31,49,11539
2020-10-31,50,136
2020-10-31,51,8818
2020-10-31,53,5237
2020-10-31,54,2744
2020-10-31,55,32730
2020-10-31,56,2493
2020-10-31,60,0
2020-10-31,66,487
2020-10-31,69,4
2020-10-31,72,3066
2020-10-31,78,30
2020-10-31,US,560596
2020-11-07,01,9905
2020-11-07,02,2951
2020-11-07,04,11438
2020-11-07,05,8638
2020-11-07,06,37219
2020-11-07,08,20617
2020-11-07,09,6918
2020-11-07,10,1307
2020-11-07,11,625
2020-11-07,12,34530
2020-11-07,13,44247
2020-11-07,15,767
2020-11-07,16,7704
2020-11-07,17,61431
2020-11-07,18,26364
2020-11-07,19,21744
2020-11-07,20,12829
2020-11-07,21,12442
2020-11-07,22,5066
2020-11-07,23,938
2020-11-07,24,7634
2020-11-07,25,11000
2020-11-07,26,31667
2020-11-07,27,26482
2020-11-07,28,5725
2020-11-07,29,22949
2020-11-07,30,6147
2020-11-07,31,11663
2020-11-07,32,7985
2020-11-07,33,1157
2020-11-07,34,14696
2020-11-07,35,7181
2020-11-07,36,18065
2020-11-07,37,16610
2020-11-07,38,9288
2020-11-07,39,30030
2020-11-07,40,8989
2020-11-07,41,4666
2020-11-07,42,19702
2020-11-07,44,3506
2020-11-07,45,8130
2020-11-07,46,7984
2020-11-07,47,17543
2020-11-07,48,56113
2020-11-07,49,15579
2020-11-07,50,168
2020-11-07,51,9683
2020-11-07,53,8510
2020-11-07,54,3149
2020-11-07,55,39634
2020-11-07,56,3299
2020-11-07,60,0
2020-11-07,66,449
2020-11-07,69,6
2020-11-07,72,3352
2020-11-07,78,14
2020-11-07,US,766435
2020-11-14,01,12325
2020-11-14,02,3847
2020-11-14,04,15669
2020-11-14,05,11338
2020-11-14,06,53705
2020-11-14,08,31267
2020-11-14,09,10520
2020-11-14,10,2137
2020-11-14,11,923
2020-11-14,12,38019
2020-11-14,13,17868
2020-11-14,15,708
2020-11-14,16,9005
2020-11-14,17,85007
2020-11-14,18,39165
2020-11-14,19,33301
2020-11-14,20,17751
2020-11-14,21,16476
2020-11-14,22,10266
2020-11-14,23,1191
2020-11-14,24,11175
2020-11-14,25,16566
2020-11-14,26,46719
2020-11-14,27,41074
2020-11-14,28,7455
2020-11-14,29,34821
2020-11-14,30,6938
2020-11-14,31,14439
2020-11-14,32,10260
2020-11-14,33,2080
2020-11-14,34,22154
2020-11-14,35,9500
2020-11-14,36,30943
2020-11-14,37,17873
2020-11-14,38,9668
2020-11-14,39,44516
2020-11-14,40,18454
2020-11-14,41,6431
2020-11-14,42,31729
2020-11-14,44,5149
2020-11-14,45,9272
2020-11-14,46,10206
2020-11-14,47,26905
2020-11-14,48,68433
2020-11-14,49,20906
2020-11-14,50,496
2020-11-14,51,9926
2020-11-14,53,11720
2020-11-14,54,5183
2020-11-14,55,46101
2020-11-14,56,5284
2020-11-14,60,0
2020-11-14,66,847
2020-11-14,69,2
2020-11-14,72,4282
2020-11-14,78,44
2020-11-14,US,1018039
2020-11-21,01,14865
2020-11-21,02,4071
2020-11-21,04,22281
2020-11-21,05,11655
2020-11-21,06,82368
2020-11-21,08,35445
2020-11-21,09,12824
2020-11-21,10,2926
2020-11-21,11,1147
2020-11-21,12,56731
2020-11-21,13,23899
2020-11-21,15,602
2020-11-21,16,9517
2020-11-21,17,83301
2020-11-21,18,44296
2020-11-21,19,25648
2020-11-21,20,19543
2020-11-21,21,19771
2020-11-21,22,14728
2020-11-21,23,1332
2020-11-21,24,15881
2020-11-21,25,18013
2020-11-21,26,53229
2020-11-21,27,46924
2020-11-21,28,9061
2020-11-21,29,29059
2020-11-21,30,8656
2020-11-21,31,16195
2020-11-21,32,12727
2020-11-21,33,2994
2020-11-21,34,27303
2020-11-21,35,16269
2020-11-21,36,34272
2020-11-21,37,23143
2020-11-21,38,8668
2020-11-21,39,53043
2020-11-21,40,20719
2020-11-21,41,7650
2020-11-21,42,42766
2020-11-21,44,6472
2020-11-21,45,11004
2020-11-21,46,8032
2020-11-21,47,30767
2020-11-21,48,78566
2020-11-21,49,22838
2020-11-21,50,703
2020-11-21,51,14880
2020-11-21,53,13529
2020-11-21,54,6806
2020-11-21,55,48615
2020-11-21,56,5529
2020-11-21,60,0
2020-11-21,66,528
2020-11-21,69,3
2020-11-21,72,4662
2020-11-21,78,57
2020-11-21,US,1186513
2020-11-28,01,14285
2020-11-28,02,4220
2020-11-28,04,27440
2020-11-28,05,11205
2020-11-28,06,95189
2020-11-28,08,30604
2020-11-28,09,11112
2020-11-28,10,3349
2020-11-28,11,1077
2020-11-28,12,53470
2020-11-28,13,20760
2020-11-28,15,721
2020-11-28,16,8826
2020-11-28,17,66650
2020-11-28,18,39825
2020-11-28,19,17976
2020-11-28,20,18434
2020-11-28,21,18274
2020-11-28,22,13893
2020-11-28,23,1165
2020-11-28,24,14477
2020-11-28,25,18314
2020-11-28,26,49131
2020-11-28,27,41071
2020-11-28,28,7539
2020-11-28,29,26274
2020-11-28,30,6303
2020-11-28,31,12294
2020-11-28,32,17496
2020-11-28,33,2710
2020-11-28,34,27514
2020-11-28,35,14542
2020-11-28,36,43615
2020-11-28,37,25697
2020-11-28,38,6395
2020-11-28,39,63417
2020-11-28,40,22900
2020-11-28,41,8838
2020-11-28,42,48957
2020-11-28,44,5953
2020-11-28,45,9893
2020-11-28,46,6885
2020-11-28,47,27579
2020-11-28,48,69153
2020-11-28,49,18108
2020-11-28,50,487
2020-11-28,51,17938
2020-11-28,53,19374
2020-11-28,54,6247
2020-11-28,55,32780
2020-11-28,56,4518
2020-11-28,60,0
2020-11-28,66,316
2020-11-28,69,1
2020-11-28,72,5147
2020-11-28,78,47
2020-11-28,US,1140385
